{
    "true_elapsed_time": 3.9009934330006217,
    "peak_memory_usage_mb": 0.06009483337402344
}